date,DC
2016/10/8 0:00,0.51281113
2016/10/8 0:15,0.50383658
2016/10/8 0:30,0.402693955
2016/10/8 0:45,0.444211599
2016/10/8 1:00,0.34888476
2016/10/8 1:15,0.408826976
2016/10/8 1:30,0.389425815
2016/10/8 1:45,0.249092594
2016/10/8 2:00,0.291861385
2016/10/8 2:15,0.463859005
2016/10/8 2:30,0.782727332
2016/10/8 2:45,0.306987747
2016/10/8 3:00,0.512619481
2016/10/8 3:15,0.430197949
2016/10/8 3:30,0.434509968
2016/10/8 3:45,0.474753436
2016/10/8 4:00,0.404729764
2016/10/8 4:15,0.300145321
2016/10/8 4:30,0.397442836
2016/10/8 4:45,0.482798488
2016/10/8 5:00,0.391769602
2016/10/8 5:15,0.574869603
2016/10/8 5:30,0.439304314
2016/10/8 5:45,0.385566251
2016/10/8 6:00,0.429284981
2016/10/8 6:15,0.396259102
2016/10/8 6:30,0.533251794
2016/10/8 6:45,0.473385459
2016/10/8 7:00,0.753680584
2016/10/8 7:15,1.018530544
2016/10/8 7:30,1.407683715
2016/10/8 7:45,1.866891185
2016/10/8 8:00,1.889951345
2016/10/8 8:15,1.836461905
2016/10/8 8:30,1.53266313
2016/10/8 8:45,1.145748832
2016/10/8 9:00,0.942447353
2016/10/8 9:15,0.868391676
2016/10/8 9:30,0.856583733
2016/10/8 9:45,0.839673446
2016/10/8 10:00,0.830228195
2016/10/8 10:15,0.859753541
2016/10/8 10:30,0.810565617
2016/10/8 10:45,0.883432489
2016/10/8 11:00,1.244701698
2016/10/8 11:15,0.843254873
2016/10/8 11:30,0.947077933
2016/10/8 11:45,0.910142538
2016/10/8 12:00,0.907002092
2016/10/8 12:15,0.88252046
2016/10/8 12:30,0.757890624
2016/10/8 12:45,0.723531791
2016/10/8 13:00,0.707302498
2016/10/8 13:15,0.697571905
2016/10/8 13:30,0.743229289
2016/10/8 13:45,0.839543174
2016/10/8 14:00,1.004402984
2016/10/8 14:15,1.057323289
2016/10/8 14:30,1.064445057
2016/10/8 14:45,1.070310289
2016/10/8 15:00,1.05749179
2016/10/8 15:15,1.049301003
2016/10/8 15:30,1.096854384
2016/10/8 15:45,1.085098583
2016/10/8 16:00,1.104584927
2016/10/8 16:15,1.12649354
2016/10/8 16:30,1.266923097
2016/10/8 16:45,1.198753768
2016/10/8 17:00,1.137550185
2016/10/8 17:15,1.295388486
2016/10/8 17:30,1.37886866
2016/10/8 17:45,1.60859315
2016/10/8 18:00,1.85209395
2016/10/8 18:15,2.169634691
2016/10/8 18:30,2.593426397
2016/10/8 18:45,2.4857934
2016/10/8 19:00,2.18903086
2016/10/8 19:15,2.077814747
2016/10/8 19:30,1.687540888
2016/10/8 19:45,1.41310136
2016/10/8 20:00,1.151437919
2016/10/8 20:15,1.044561109
2016/10/8 20:30,0.917561378
2016/10/8 20:45,0.827664352
2016/10/8 21:00,0.809484501
2016/10/8 21:15,0.727374156
2016/10/8 21:30,0.738326962
2016/10/8 21:45,0.719113667
2016/10/8 22:00,0.707123258
2016/10/8 22:15,0.667762336
2016/10/8 22:30,0.64025954
2016/10/8 22:45,0.593226254
2016/10/8 23:00,0.52121363
2016/10/8 23:15,0.552846889
2016/10/8 23:30,0.472211977
2016/10/8 23:45,0.419345944
2016/10/9 0:00,0.396100073
2016/10/9 0:15,0.380491393
2016/10/9 0:30,0.423602071
2016/10/9 0:45,0.297295776
2016/10/9 1:00,0.373608716
2016/10/9 1:15,0.360292971
2016/10/9 1:30,0.337049769
2016/10/9 1:45,0.448667648
2016/10/9 2:00,0.377902746
2016/10/9 2:15,0.361217148
2016/10/9 2:30,0.33356579
2016/10/9 2:45,0.317148697
2016/10/9 3:00,0.333051452
2016/10/9 3:15,0.77893194
2016/10/9 3:30,0.387408384
2016/10/9 3:45,0.386043621
2016/10/9 4:00,0.849425131
2016/10/9 4:15,0.323892509
2016/10/9 4:30,0.761105027
2016/10/9 4:45,0.28126543
2016/10/9 5:00,0.261759819
2016/10/9 5:15,0.290501666
2016/10/9 5:30,0.422763129
2016/10/9 5:45,0.363180642
2016/10/9 6:00,0.384261299
2016/10/9 6:15,0.39984207
2016/10/9 6:30,0.387289338
2016/10/9 6:45,0.511548768
2016/10/9 7:00,0.675265158
2016/10/9 7:15,0.961796502
2016/10/9 7:30,1.619193197
2016/10/9 7:45,2.026102718
2016/10/9 8:00,2.404123696
2016/10/9 8:15,2.459954973
2016/10/9 8:30,2.142104499
2016/10/9 8:45,1.939192793
2016/10/9 9:00,1.706101012
2016/10/9 9:15,1.369594182
2016/10/9 9:30,1.296203598
2016/10/9 9:45,1.173757588
2016/10/9 10:00,1.135027671
2016/10/9 10:15,1.125717428
2016/10/9 10:30,1.103324534
2016/10/9 10:45,1.089839113
2016/10/9 11:00,1.057266466
2016/10/9 11:15,1.1079967
2016/10/9 11:30,1.06903078
2016/10/9 11:45,1.041623018
2016/10/9 12:00,1.08725939
2016/10/9 12:15,1.133826072
2016/10/9 12:30,0.916265647
2016/10/9 12:45,0.749665599
2016/10/9 13:00,0.715831889
2016/10/9 13:15,0.701465559
2016/10/9 13:30,0.784201326
2016/10/9 13:45,0.879399211
2016/10/9 14:00,0.989909876
2016/10/9 14:15,0.98895936
2016/10/9 14:30,1.068919706
2016/10/9 14:45,1.093046322
2016/10/9 15:00,1.174663576
2016/10/9 15:15,1.115358409
2016/10/9 15:30,1.097544585
2016/10/9 15:45,1.180789914
2016/10/9 16:00,1.252736417
2016/10/9 16:15,1.301569846
2016/10/9 16:30,1.391310628
2016/10/9 16:45,1.295613044
2016/10/9 17:00,1.274883967
2016/10/9 17:15,1.361118156
2016/10/9 17:30,1.533163797
2016/10/9 17:45,1.921057204
2016/10/9 18:00,2.144771234
2016/10/9 18:15,2.340282619
2016/10/9 18:30,2.419611157
2016/10/9 18:45,2.371486722
2016/10/9 19:00,2.083352328
2016/10/9 19:15,1.670249063
2016/10/9 19:30,1.40953825
2016/10/9 19:45,1.274684917
2016/10/9 20:00,1.015748964
2016/10/9 20:15,0.921668898
2016/10/9 20:30,0.925939645
2016/10/9 20:45,0.936457896
2016/10/9 21:00,0.857440509
2016/10/9 21:15,0.771518429
2016/10/9 21:30,0.750513746
2016/10/9 21:45,0.727194273
2016/10/9 22:00,0.664186122
2016/10/9 22:15,0.653071258
2016/10/9 22:30,0.585763741
2016/10/9 22:45,0.567887691
2016/10/9 23:00,0.628903813
2016/10/9 23:15,0.542935773
2016/10/9 23:30,0.615205351
2016/10/9 23:45,0.568390533
2016/10/10 0:00,0.441859485
2016/10/10 0:15,0.350585973
2016/10/10 0:30,0.365529028
2016/10/10 0:45,0.316018771
2016/10/10 1:00,0.317762769
2016/10/10 1:15,0.275687515
2016/10/10 1:30,0.491269203
2016/10/10 1:45,0.504021955
2016/10/10 2:00,0.344791899
2016/10/10 2:15,0.330138144
2016/10/10 2:30,0.316229093
2016/10/10 2:45,0.34552845
2016/10/10 3:00,0.283890819
2016/10/10 3:15,0.304086462
2016/10/10 3:30,0.259476649
2016/10/10 3:45,0.303404566
2016/10/10 4:00,0.368688795
2016/10/10 4:15,0.372084314
2016/10/10 4:30,0.331578422
2016/10/10 4:45,0.329337742
2016/10/10 5:00,0.338347497
2016/10/10 5:15,0.810653017
2016/10/10 5:30,0.814042234
2016/10/10 5:45,0.411002733
2016/10/10 6:00,0.527329818
2016/10/10 6:15,0.525496638
2016/10/10 6:30,0.579311366
2016/10/10 6:45,0.462555741
2016/10/10 7:00,0.513799213
2016/10/10 7:15,0.965445203
2016/10/10 7:30,1.313243869
2016/10/10 7:45,1.684054439
2016/10/10 8:00,1.872279863
2016/10/10 8:15,1.982825475
2016/10/10 8:30,1.598939384
2016/10/10 8:45,1.468731738
2016/10/10 9:00,1.207853504
2016/10/10 9:15,1.353254156
2016/10/10 9:30,1.129623378
2016/10/10 9:45,1.130074944
2016/10/10 10:00,1.132358355
2016/10/10 10:15,1.178334684
2016/10/10 10:30,1.163942258
2016/10/10 10:45,1.102357578
2016/10/10 11:00,1.199527613
2016/10/10 11:15,1.106296319
2016/10/10 11:30,1.069483856
2016/10/10 11:45,1.055468616
2016/10/10 12:00,1.135482296
2016/10/10 12:15,1.073914265
2016/10/10 12:30,0.939748315
2016/10/10 12:45,0.788088733
2016/10/10 13:00,0.76512348
2016/10/10 13:15,0.79105652
2016/10/10 13:30,0.816820936
2016/10/10 13:45,0.953594425
2016/10/10 14:00,1.070030007
2016/10/10 14:15,1.152361831
2016/10/10 14:30,1.15573557
2016/10/10 14:45,1.362112356
2016/10/10 15:00,1.462518055
2016/10/10 15:15,1.454964581
2016/10/10 15:30,1.450680479
2016/10/10 15:45,1.452275346
2016/10/10 16:00,1.388343903
2016/10/10 16:15,1.390665778
2016/10/10 16:30,1.302341035
2016/10/10 16:45,1.415632808
2016/10/10 17:00,1.432033836
2016/10/10 17:15,1.588227239
2016/10/10 17:30,1.650087707
2016/10/10 17:45,1.975471408
2016/10/10 18:00,2.275799392
2016/10/10 18:15,2.678545603
2016/10/10 18:30,2.891915468
2016/10/10 18:45,2.651486838
2016/10/10 19:00,2.464456993
2016/10/10 19:15,2.077311483
2016/10/10 19:30,1.658420814
2016/10/10 19:45,1.372518796
2016/10/10 20:00,1.185789657
2016/10/10 20:15,1.095899513
2016/10/10 20:30,0.932672356
2016/10/10 20:45,0.864610131
2016/10/10 21:00,0.79535025
2016/10/10 21:15,0.748431311
2016/10/10 21:30,0.722513757
2016/10/10 21:45,0.651647128
2016/10/10 22:00,0.661784163
2016/10/10 22:15,0.675507168
2016/10/10 22:30,0.599791081
2016/10/10 22:45,0.553077922
2016/10/10 23:00,0.56352724
2016/10/10 23:15,0.465340756
2016/10/10 23:30,0.46420323
2016/10/10 23:45,0.504402764
2016/10/11 0:00,0.449070969
2016/10/11 0:15,0.573620668
2016/10/11 0:30,0.426308498
2016/10/11 0:45,0.303085913
2016/10/11 1:00,0.457440751
2016/10/11 1:15,0.331272641
2016/10/11 1:30,0.31771312
2016/10/11 1:45,0.291017427
2016/10/11 2:00,0.324600882
2016/10/11 2:15,0.323264883
2016/10/11 2:30,0.463731736
2016/10/11 2:45,0.407858731
2016/10/11 3:00,0.336437807
2016/10/11 3:15,0.351498339
2016/10/11 3:30,0.450443029
2016/10/11 3:45,0.399208765
2016/10/11 4:00,0.494783268
2016/10/11 4:15,0.312153509
2016/10/11 4:30,0.345524054
2016/10/11 4:45,0.585238126
2016/10/11 5:00,0.406236789
2016/10/11 5:15,0.644342867
2016/10/11 5:30,0.363477698
2016/10/11 5:45,0.41043859
2016/10/11 6:00,0.427902276
2016/10/11 6:15,0.469100883
2016/10/11 6:30,0.670498551
2016/10/11 6:45,0.450626866
2016/10/11 7:00,0.634686489
2016/10/11 7:15,0.885242001
2016/10/11 7:30,1.160964056
2016/10/11 7:45,1.60269761
2016/10/11 8:00,1.827326109
2016/10/11 8:15,1.806741885
2016/10/11 8:30,1.582031246
2016/10/11 8:45,1.397115704
2016/10/11 9:00,1.281053372
2016/10/11 9:15,1.121257807
2016/10/11 9:30,1.061279695
2016/10/11 9:45,1.106347623
2016/10/11 10:00,1.090617402
2016/10/11 10:15,1.145973803
2016/10/11 10:30,1.167680258
2016/10/11 10:45,1.223939717
2016/10/11 11:00,1.133248734
2016/10/11 11:15,1.117026456
2016/10/11 11:30,1.182138453
2016/10/11 11:45,1.10887085
2016/10/11 12:00,0.961035287
2016/10/11 12:15,0.978439932
2016/10/11 12:30,0.872104422
2016/10/11 12:45,0.74107125
2016/10/11 13:00,0.741606031
2016/10/11 13:15,0.706430985
2016/10/11 13:30,0.786463298
2016/10/11 13:45,0.814593591
2016/10/11 14:00,0.974210187
2016/10/11 14:15,0.998258646
2016/10/11 14:30,1.07718023
2016/10/11 14:45,1.083110915
2016/10/11 15:00,1.144099031
2016/10/11 15:15,1.074191821
2016/10/11 15:30,1.15014002
2016/10/11 15:45,1.158364803
2016/10/11 16:00,1.181261775
2016/10/11 16:15,1.186683867
2016/10/11 16:30,1.172460004
2016/10/11 16:45,1.222638463
2016/10/11 17:00,1.219548441
2016/10/11 17:15,1.320474176
2016/10/11 17:30,1.565566666
2016/10/11 17:45,1.932046937
2016/10/11 18:00,2.145424961
2016/10/11 18:15,2.294897044
2016/10/11 18:30,2.501169547
2016/10/11 18:45,2.485562503
2016/10/11 19:00,2.183396778
2016/10/11 19:15,1.770169038
2016/10/11 19:30,1.521242663
2016/10/11 19:45,1.243820489
2016/10/11 20:00,1.037089129
2016/10/11 20:15,0.898225366
2016/10/11 20:30,0.793344271
2016/10/11 20:45,0.798058001
2016/10/11 21:00,0.762312996
2016/10/11 21:15,0.791114321
2016/10/11 21:30,0.785671641
2016/10/11 21:45,0.738442062
2016/10/11 22:00,0.64427531
2016/10/11 22:15,0.618383629
2016/10/11 22:30,0.605917548
2016/10/11 22:45,0.548617765
2016/10/11 23:00,0.49320749
2016/10/11 23:15,0.448286645
2016/10/11 23:30,0.477857548
2016/10/11 23:45,0.585473961
2016/10/12 0:00,0.447958872
2016/10/12 0:15,0.423289746
2016/10/12 0:30,0.340302684
2016/10/12 0:45,0.43489499
2016/10/12 1:00,0.516570175
2016/10/12 1:15,1.333369641
2016/10/12 1:30,0.359576796
2016/10/12 1:45,0.266603108
2016/10/12 2:00,0.269144562
2016/10/12 2:15,0.380616949
2016/10/12 2:30,0.574462942
2016/10/12 2:45,0.528517587
2016/10/12 3:00,0.435376138
2016/10/12 3:15,0.411405823
2016/10/12 3:30,0.32646914
2016/10/12 3:45,0.328683942
2016/10/12 4:00,0.322735467
2016/10/12 4:15,0.37797395
2016/10/12 4:30,0.330432813
2016/10/12 4:45,0.347724027
2016/10/12 5:00,0.401687556
2016/10/12 5:15,0.467537834
2016/10/12 5:30,0.386512295
2016/10/12 5:45,0.31316322
2016/10/12 6:00,0.375298317
2016/10/12 6:15,0.360646866
2016/10/12 6:30,0.450095117
2016/10/12 6:45,0.501255541
2016/10/12 7:00,0.622588634
2016/10/12 7:15,1.024519298
2016/10/12 7:30,1.260537848
2016/10/12 7:45,1.638375338
2016/10/12 8:00,1.877546157
2016/10/12 8:15,1.75334658
2016/10/12 8:30,1.484980432
2016/10/12 8:45,1.127896897
2016/10/12 9:00,1.026828414
2016/10/12 9:15,1.020897944
2016/10/12 9:30,1.037434534
2016/10/12 9:45,1.0743125
2016/10/12 10:00,1.075383566
2016/10/12 10:15,1.138327894
2016/10/12 10:30,1.164779355
2016/10/12 10:45,1.088137763
2016/10/12 11:00,1.13756087
2016/10/12 11:15,1.151582364
2016/10/12 11:30,1.168654453
2016/10/12 11:45,1.043106374
2016/10/12 12:00,1.018683085
2016/10/12 12:15,0.990079963
2016/10/12 12:30,0.893847803
2016/10/12 12:45,0.749419305
2016/10/12 13:00,0.728990374
2016/10/12 13:15,0.775821724
2016/10/12 13:30,0.799079063
2016/10/12 13:45,0.932413274
2016/10/12 14:00,1.070926446
2016/10/12 14:15,1.176985884
2016/10/12 14:30,1.213668024
2016/10/12 14:45,1.236437252
2016/10/12 15:00,1.288968733
2016/10/12 15:15,1.267722993
2016/10/12 15:30,1.233516938
2016/10/12 15:45,1.259054582
2016/10/12 16:00,1.39341826
2016/10/12 16:15,1.395288319
2016/10/12 16:30,1.372719552
2016/10/12 16:45,1.454979
2016/10/12 17:00,1.588970144
2016/10/12 17:15,1.699980389
2016/10/12 17:30,1.815169475
2016/10/12 17:45,2.208978903
2016/10/12 18:00,2.440108276
2016/10/12 18:15,2.732199737
2016/10/12 18:30,2.973735059
2016/10/12 18:45,2.773315873
2016/10/12 19:00,2.176240366
2016/10/12 19:15,1.774217785
2016/10/12 19:30,1.4285258
2016/10/12 19:45,1.201383157
2016/10/12 20:00,1.037383324
2016/10/12 20:15,0.888067386
2016/10/12 20:30,0.852719109
2016/10/12 20:45,0.837175951
2016/10/12 21:00,0.803634899
2016/10/12 21:15,0.7866487
2016/10/12 21:30,0.779100204
2016/10/12 21:45,0.6992805
2016/10/12 22:00,0.642246131
2016/10/12 22:15,0.608499228
2016/10/12 22:30,0.673260613
2016/10/12 22:45,0.595770521
2016/10/12 23:00,0.581753931
2016/10/12 23:15,0.540255286
2016/10/12 23:30,0.555835083
2016/10/12 23:45,0.463918956
2016/10/13 0:00,0.523123542
2016/10/13 0:15,0.471813911
2016/10/13 0:30,0.56789868
2016/10/13 0:45,0.34054553
2016/10/13 1:00,0.385505372
2016/10/13 1:15,0.38692416
2016/10/13 1:30,0.38785961
2016/10/13 1:45,0.464779009
2016/10/13 2:00,0.265220066
2016/10/13 2:15,0.383395968
2016/10/13 2:30,0.301961053
2016/10/13 2:45,1.059013962
2016/10/13 3:00,0.620903797
2016/10/13 3:15,0.516951534
2016/10/13 3:30,0.644072584
2016/10/13 3:45,0.308203998
2016/10/13 4:00,0.364102949
2016/10/13 4:15,0.377628756
2016/10/13 4:30,0.3873661
2016/10/13 4:45,0.317336468
2016/10/13 5:00,0.349126748
2016/10/13 5:15,0.405874235
2016/10/13 5:30,0.338017059
2016/10/13 5:45,0.400666936
2016/10/13 6:00,0.485739539
2016/10/13 6:15,0.432745667
2016/10/13 6:30,0.54762179
2016/10/13 6:45,0.440270486
2016/10/13 7:00,0.626805706
2016/10/13 7:15,0.913606052
2016/10/13 7:30,1.460348336
2016/10/13 7:45,1.743142083
2016/10/13 8:00,1.880683072
2016/10/13 8:15,1.774869508
2016/10/13 8:30,1.632207037
2016/10/13 8:45,1.454748175
2016/10/13 9:00,1.415660068
2016/10/13 9:15,1.303002867
2016/10/13 9:30,1.205283819
2016/10/13 9:45,1.299856311
2016/10/13 10:00,1.285120674
2016/10/13 10:15,1.097123706
2016/10/13 10:30,1.203434132
2016/10/13 10:45,1.146626056
2016/10/13 11:00,1.134986328
2016/10/13 11:15,1.207365466
2016/10/13 11:30,1.189100368
2016/10/13 11:45,1.105783103
2016/10/13 12:00,1.125051077
2016/10/13 12:15,1.043805269
2016/10/13 12:30,0.950907476
2016/10/13 12:45,0.779053748
2016/10/13 13:00,0.881043309
2016/10/13 13:15,0.801106789
2016/10/13 13:30,0.855504678
2016/10/13 13:45,0.89960486
2016/10/13 14:00,0.969911128
2016/10/13 14:15,1.121796972
2016/10/13 14:30,1.154243432
2016/10/13 14:45,1.186381998
2016/10/13 15:00,1.188843133
2016/10/13 15:15,1.246802203
2016/10/13 15:30,1.163369766
2016/10/13 15:45,1.247948165
2016/10/13 16:00,1.14759171
2016/10/13 16:15,1.233647292
2016/10/13 16:30,1.232624051
2016/10/13 16:45,1.2687515
2016/10/13 17:00,1.336874749
2016/10/13 17:15,1.409396228
2016/10/13 17:30,1.401390084
2016/10/13 17:45,1.638095907
2016/10/13 18:00,1.961506609
2016/10/13 18:15,2.233375026
2016/10/13 18:30,2.310345048
2016/10/13 18:45,2.22362788
2016/10/13 19:00,1.86765491
2016/10/13 19:15,1.70695053
2016/10/13 19:30,1.35479804
2016/10/13 19:45,1.141233846
2016/10/13 20:00,0.910539815
2016/10/13 20:15,0.882113427
2016/10/13 20:30,0.877521819
2016/10/13 20:45,0.799440879
2016/10/13 21:00,0.786632334
2016/10/13 21:15,0.799708168
2016/10/13 21:30,0.821526457
2016/10/13 21:45,0.760428454
2016/10/13 22:00,0.775243144
2016/10/13 22:15,0.652387471
2016/10/13 22:30,0.802147624
2016/10/13 22:45,0.607266467
2016/10/13 23:00,0.575288327
2016/10/13 23:15,0.489415557
2016/10/13 23:30,0.50624371
2016/10/13 23:45,0.444519986
2016/10/14 0:00,1.382121161
2016/10/14 0:15,1.673484546
2016/10/14 0:30,0.387657061
2016/10/14 0:45,0.443699516
2016/10/14 1:00,0.353522667
2016/10/14 1:15,0.394023387
2016/10/14 1:30,0.399930669
2016/10/14 1:45,0.323554141
2016/10/14 2:00,0.410841283
2016/10/14 2:15,0.36698557
2016/10/14 2:30,0.340310227
2016/10/14 2:45,0.438364028
2016/10/14 3:00,0.302134592
2016/10/14 3:15,0.482278228
2016/10/14 3:30,0.343467942
2016/10/14 3:45,0.336851209
2016/10/14 4:00,0.328247858
2016/10/14 4:15,0.349357311
2016/10/14 4:30,0.429043144
2016/10/14 4:45,1.07889724
2016/10/14 5:00,0.718278657
2016/10/14 5:15,0.58223002
2016/10/14 5:30,0.489181998
2016/10/14 5:45,0.51523998
2016/10/14 6:00,0.541709318
2016/10/14 6:15,0.477775572
2016/10/14 6:30,0.601490568
2016/10/14 6:45,0.403027656
2016/10/14 7:00,0.588983193
2016/10/14 7:15,0.902894002
2016/10/14 7:30,1.116023231
2016/10/14 7:45,1.501188221
2016/10/14 8:00,1.659170879
2016/10/14 8:15,1.671180539
2016/10/14 8:30,1.414114246
2016/10/14 8:45,1.101333383
2016/10/14 9:00,1.034391712
2016/10/14 9:15,0.994846396
2016/10/14 9:30,1.028702703
2016/10/14 9:45,1.197616837
2016/10/14 10:00,1.110531882
2016/10/14 10:15,1.104132646
2016/10/14 10:30,1.176984921
2016/10/14 10:45,1.23875173
2016/10/14 11:00,1.144669279
2016/10/14 11:15,1.129219541
2016/10/14 11:30,1.084039962
2016/10/14 11:45,1.09882125
2016/10/14 12:00,1.11999323
2016/10/14 12:15,1.144630166
2016/10/14 12:30,0.977018029
2016/10/14 12:45,0.878042062
2016/10/14 13:00,0.890397498
2016/10/14 13:15,0.745224052
2016/10/14 13:30,0.788577086
2016/10/14 13:45,0.931888943
2016/10/14 14:00,0.940445722
2016/10/14 14:15,1.009975235
2016/10/14 14:30,1.117458231
2016/10/14 14:45,1.254420868
2016/10/14 15:00,1.300658639
2016/10/14 15:15,1.275638307
2016/10/14 15:30,1.184967066
2016/10/14 15:45,1.257653477
2016/10/14 16:00,1.463662902
2016/10/14 16:15,1.650891826
2016/10/14 16:30,1.581548298
2016/10/14 16:45,1.646762399
2016/10/14 17:00,1.656359201
2016/10/14 17:15,1.724272412
2016/10/14 17:30,1.99301586
2016/10/14 17:45,2.308544166
2016/10/14 18:00,2.7910402
2016/10/14 18:15,3.283515181
2016/10/14 18:30,3.662770841
2016/10/14 18:45,3.588641334
2016/10/14 19:00,3.396635924
2016/10/14 19:15,3.12335646
2016/10/14 19:30,2.886607799
2016/10/14 19:45,2.563127981
2016/10/14 20:00,2.17237846
2016/10/14 20:15,1.728448498
2016/10/14 20:30,1.540015683
2016/10/14 20:45,1.385235086
2016/10/14 21:00,1.308789086
2016/10/14 21:15,1.308458225
2016/10/14 21:30,1.207778478
2016/10/14 21:45,1.125373349
2016/10/14 22:00,1.15477994
2016/10/14 22:15,1.026811443
2016/10/14 22:30,1.016997273
2016/10/14 22:45,0.911276677
2016/10/14 23:00,0.756653341
2016/10/14 23:15,0.633081582
2016/10/14 23:30,0.642682005
2016/10/14 23:45,0.542419744
2016/10/17 0:00,0.562203947
2016/10/17 0:15,0.516922844
2016/10/17 0:30,0.402231327
2016/10/17 0:45,0.483324196
2016/10/17 1:00,0.305514817
2016/10/17 1:15,0.308370473
2016/10/17 1:30,0.379987144
2016/10/17 1:45,0.324317268
2016/10/17 2:00,0.442413436
2016/10/17 2:15,0.490617218
2016/10/17 2:30,0.359700162
2016/10/17 2:45,0.318325639
2016/10/17 3:00,0.376096218
2016/10/17 3:15,0.341537141
2016/10/17 3:30,0.352952098
2016/10/17 3:45,0.36423782
2016/10/17 4:00,0.517534248
2016/10/17 4:15,0.365683849
2016/10/17 4:30,0.259824198
2016/10/17 4:45,0.308384263
2016/10/17 5:00,0.326684323
2016/10/17 5:15,0.319157182
2016/10/17 5:30,0.361399762
2016/10/17 5:45,0.436331434
2016/10/17 6:00,0.523950551
2016/10/17 6:15,0.569271201
2016/10/17 6:30,0.673643539
2016/10/17 6:45,0.60237358
2016/10/17 7:00,0.52760072
2016/10/17 7:15,0.910734242
2016/10/17 7:30,1.373606049
2016/10/17 7:45,1.996930872
2016/10/17 8:00,2.373644087
2016/10/17 8:15,2.333236807
2016/10/17 8:30,2.463109772
2016/10/17 8:45,1.776921473
2016/10/17 9:00,1.618907533
2016/10/17 9:15,1.359350843
2016/10/17 9:30,1.16101479
2016/10/17 9:45,1.153076086
2016/10/17 10:00,1.167600178
2016/10/17 10:15,1.114569175
2016/10/17 10:30,1.281098933
2016/10/17 10:45,1.255878184
2016/10/17 11:00,1.177765751
2016/10/17 11:15,1.187213558
2016/10/17 11:30,1.057986746
2016/10/17 11:45,1.035744958
2016/10/17 12:00,0.965499203
2016/10/17 12:15,0.937986872
2016/10/17 12:30,0.878444545
2016/10/17 12:45,0.822651194
2016/10/17 13:00,0.742738311
2016/10/17 13:15,0.739747945
2016/10/17 13:30,0.743522329
2016/10/17 13:45,0.850139689
2016/10/17 14:00,0.930891347
2016/10/17 14:15,0.993563574
2016/10/17 14:30,1.096791195
2016/10/17 14:45,1.131965341
2016/10/17 15:00,1.18536155
2016/10/17 15:15,1.250851039
2016/10/17 15:30,1.208678052
2016/10/17 15:45,1.251404764
2016/10/17 16:00,1.291674314
2016/10/17 16:15,1.411810387
2016/10/17 16:30,1.300118679
2016/10/17 16:45,1.214417014
2016/10/17 17:00,1.201517506
2016/10/17 17:15,1.439242738
2016/10/17 17:30,1.323406491
2016/10/17 17:45,1.583735779
2016/10/17 18:00,1.82523483
2016/10/17 18:15,1.811225785
2016/10/17 18:30,1.99735746
2016/10/17 18:45,1.915473109
2016/10/17 19:00,1.683333585
2016/10/17 19:15,1.428535686
2016/10/17 19:30,1.207177422
2016/10/17 19:45,1.037064611
2016/10/17 20:00,0.88765856
2016/10/17 20:15,0.844352256
2016/10/17 20:30,0.808255032
2016/10/17 20:45,0.783985742
2016/10/17 21:00,0.758376977
2016/10/17 21:15,0.791311326
2016/10/17 21:30,0.728221999
2016/10/17 21:45,0.738110999
2016/10/17 22:00,0.698825484
2016/10/17 22:15,0.658111846
2016/10/17 22:30,0.619771595
2016/10/17 22:45,0.613002511
2016/10/17 23:00,0.598557517
2016/10/17 23:15,0.631041409
2016/10/17 23:30,0.606727245
2016/10/17 23:45,0.431677244
2016/10/18 0:00,0.398870133
2016/10/18 0:15,0.409269851
2016/10/18 0:30,0.480972095
2016/10/18 0:45,0.312992526
2016/10/18 1:00,0.294021434
2016/10/18 1:15,0.344343555
2016/10/18 1:30,0.269867188
2016/10/18 1:45,0.338991408
2016/10/18 2:00,0.296673816
2016/10/18 2:15,0.386046249
2016/10/18 2:30,0.397509348
2016/10/18 2:45,0.271783112
2016/10/18 3:00,0.266545846
2016/10/18 3:15,0.523653015
2016/10/18 3:30,0.374937772
2016/10/18 3:45,0.487887076
2016/10/18 4:00,0.432752359
2016/10/18 4:15,0.476871438
2016/10/18 4:30,0.430144542
2016/10/18 4:45,0.297769649
2016/10/18 5:00,0.276714044
2016/10/18 5:15,0.359251154
2016/10/18 5:30,0.404889876
2016/10/18 5:45,0.41457232
2016/10/18 6:00,0.510353249
2016/10/18 6:15,0.56145188
2016/10/18 6:30,0.540011861
2016/10/18 6:45,0.799368957
2016/10/18 7:00,0.557725163
2016/10/18 7:15,0.911234527
2016/10/18 7:30,1.227843561
2016/10/18 7:45,1.654271827
2016/10/18 8:00,1.827170963
2016/10/18 8:15,1.768780099
2016/10/18 8:30,1.485071172
2016/10/18 8:45,1.254036575
2016/10/18 9:00,1.094691056
2016/10/18 9:15,0.977867012
2016/10/18 9:30,1.007712128
2016/10/18 9:45,1.035732596
2016/10/18 10:00,1.072220558
2016/10/18 10:15,1.124902652
2016/10/18 10:30,1.170623811
2016/10/18 10:45,1.077312438
2016/10/18 11:00,1.110996803
2016/10/18 11:15,1.083207989
2016/10/18 11:30,1.065755459
2016/10/18 11:45,0.958719816
2016/10/18 12:00,1.032131432
2016/10/18 12:15,0.954951211
2016/10/18 12:30,0.767362649
2016/10/18 12:45,0.737691592
2016/10/18 13:00,0.693471388
2016/10/18 13:15,0.691015272
2016/10/18 13:30,0.741833237
2016/10/18 13:45,0.765088582
2016/10/18 14:00,0.903303842
2016/10/18 14:15,0.886666745
2016/10/18 14:30,0.955166183
2016/10/18 14:45,1.02229721
2016/10/18 15:00,1.079506525
2016/10/18 15:15,1.051195984
2016/10/18 15:30,1.102996751
2016/10/18 15:45,1.051687907
2016/10/18 16:00,1.033502411
2016/10/18 16:15,1.081959834
2016/10/18 16:30,1.125487855
2016/10/18 16:45,1.19065985
2016/10/18 17:00,1.196571907
2016/10/18 17:15,1.319810712
2016/10/18 17:30,1.414977942
2016/10/18 17:45,1.593826164
2016/10/18 18:00,1.841504671
2016/10/18 18:15,2.007728345
2016/10/18 18:30,2.103829213
2016/10/18 18:45,1.969068861
2016/10/18 19:00,1.826884982
2016/10/18 19:15,1.544633916
2016/10/18 19:30,1.270683876
2016/10/18 19:45,1.08274941
2016/10/18 20:00,0.902847829
2016/10/18 20:15,0.779478457
2016/10/18 20:30,0.778125425
2016/10/18 20:45,0.72686136
2016/10/18 21:00,0.78851934
2016/10/18 21:15,0.709981989
2016/10/18 21:30,0.694479241
2016/10/18 21:45,0.67159531
2016/10/18 22:00,0.637311385
2016/10/18 22:15,0.622533997
2016/10/18 22:30,0.617057626
2016/10/18 22:45,0.544448518
2016/10/18 23:00,0.503661836
2016/10/18 23:15,0.472649247
2016/10/18 23:30,0.504813067
2016/10/18 23:45,0.464346726
2016/10/19 0:00,0.485976917
2016/10/19 0:15,0.359183458
2016/10/19 0:30,0.350888469
2016/10/19 0:45,0.346586372
2016/10/19 1:00,0.329064924
2016/10/19 1:15,0.347929292
2016/10/19 1:30,0.28508464
2016/10/19 1:45,0.388958115
2016/10/19 2:00,0.990712726
2016/10/19 2:15,0.401926635
2016/10/19 2:30,0.428470023
2016/10/19 2:45,0.270785174
2016/10/19 3:00,0.348499759
2016/10/19 3:15,0.483610376
2016/10/19 3:30,0.40225741
2016/10/19 3:45,0.327392666
2016/10/19 4:00,0.459372334
2016/10/19 4:15,0.302401201
2016/10/19 4:30,0.255156319
2016/10/19 4:45,0.27768687
2016/10/19 5:00,0.271258066
2016/10/19 5:15,0.468537317
2016/10/19 5:30,0.782397502
2016/10/19 5:45,0.435660361
2016/10/19 6:00,0.383679241
2016/10/19 6:15,0.342644812
2016/10/19 6:30,0.395429665
2016/10/19 6:45,0.495197272
2016/10/19 7:00,0.487816268
2016/10/19 7:15,0.890027627
2016/10/19 7:30,1.26252734
2016/10/19 7:45,1.685668438
2016/10/19 8:00,1.843847337
2016/10/19 8:15,1.662193127
2016/10/19 8:30,1.380276643
2016/10/19 8:45,1.21327149
2016/10/19 9:00,1.12717152
2016/10/19 9:15,1.055048875
2016/10/19 9:30,0.979056433
2016/10/19 9:45,0.976960415
2016/10/19 10:00,1.015641226
2016/10/19 10:15,1.049855408
2016/10/19 10:30,1.018639092
2016/10/19 10:45,0.932329394
2016/10/19 11:00,0.93882278
2016/10/19 11:15,0.916503909
2016/10/19 11:30,0.905429624
2016/10/19 11:45,0.90615322
2016/10/19 12:00,0.868338074
2016/10/19 12:15,0.862334634
2016/10/19 12:30,0.816086859
2016/10/19 12:45,0.709046837
2016/10/19 13:00,0.723805913
2016/10/19 13:15,0.679594635
2016/10/19 13:30,0.697419193
2016/10/19 13:45,0.83363901
2016/10/19 14:00,0.901069557
2016/10/19 14:15,0.940550406
2016/10/19 14:30,0.925244535
2016/10/19 14:45,0.922714679
2016/10/19 15:00,1.01286847
2016/10/19 15:15,0.934982815
2016/10/19 15:30,0.977981993
2016/10/19 15:45,1.170849212
2016/10/19 16:00,0.992511308
2016/10/19 16:15,1.035693756
2016/10/19 16:30,1.068700317
2016/10/19 16:45,1.081526653
2016/10/19 17:00,1.187506811
2016/10/19 17:15,1.324015692
2016/10/19 17:30,1.411121914
2016/10/19 17:45,1.562671931
2016/10/19 18:00,1.808120674
2016/10/19 18:15,1.995895938
2016/10/19 18:30,2.047558638
2016/10/19 18:45,1.942561267
2016/10/19 19:00,1.667807772
2016/10/19 19:15,1.525590361
2016/10/19 19:30,1.21030452
2016/10/19 19:45,0.972231223
2016/10/19 20:00,0.868004168
2016/10/19 20:15,0.824358362
2016/10/19 20:30,0.728985788
2016/10/19 20:45,0.745395501
2016/10/19 21:00,0.662238059
2016/10/19 21:15,0.734392207
2016/10/19 21:30,0.77633613
2016/10/19 21:45,0.717704837
2016/10/19 22:00,0.725070237
2016/10/19 22:15,0.589728301
2016/10/19 22:30,0.613580284
2016/10/19 22:45,0.578927703
2016/10/19 23:00,0.570439053
2016/10/19 23:15,0.535593788
2016/10/19 23:30,0.541655238
2016/10/19 23:45,0.505475082
2016/10/20 0:00,0.376655117
2016/10/20 0:15,0.470555105
2016/10/20 0:30,0.312557527
2016/10/20 0:45,0.242390008
2016/10/20 1:00,0.290564908
2016/10/20 1:15,0.310354175
2016/10/20 1:30,0.304273101
2016/10/20 1:45,0.380925907
2016/10/20 2:00,0.350412992
2016/10/20 2:15,0.431153876
2016/10/20 2:30,0.421046938
2016/10/20 2:45,0.647792181
2016/10/20 3:00,0.319288383
2016/10/20 3:15,0.441627475
2016/10/20 3:30,0.285486037
2016/10/20 3:45,0.253955631
2016/10/20 4:00,0.270009832
2016/10/20 4:15,0.337290474
2016/10/20 4:30,0.300913478
2016/10/20 4:45,0.244574589
2016/10/20 5:00,0.27214392
2016/10/20 5:15,0.434873542
2016/10/20 5:30,0.534977608
2016/10/20 5:45,0.384771165
2016/10/20 6:00,0.450590407
2016/10/20 6:15,0.413479131
2016/10/20 6:30,0.410265485
2016/10/20 6:45,1.088951224
2016/10/20 7:00,0.687657501
2016/10/20 7:15,0.856884093
2016/10/20 7:30,1.249991383
2016/10/20 7:45,1.515881877
2016/10/20 8:00,1.693694976
2016/10/20 8:15,1.595482916
2016/10/20 8:30,1.392898504
2016/10/20 8:45,1.221623542
2016/10/20 9:00,0.990628205
2016/10/20 9:15,0.928641147
2016/10/20 9:30,0.95253769
2016/10/20 9:45,0.963411774
2016/10/20 10:00,0.965645609
2016/10/20 10:15,0.964998753
2016/10/20 10:30,1.020357691
2016/10/20 10:45,1.02506664
2016/10/20 11:00,1.016880381
2016/10/20 11:15,0.970052022
2016/10/20 11:30,0.952922994
2016/10/20 11:45,0.953588177
2016/10/20 12:00,0.983860147
2016/10/20 12:15,0.965333134
2016/10/20 12:30,0.773629279
2016/10/20 12:45,0.688910469
2016/10/20 13:00,0.733282387
2016/10/20 13:15,0.694763207
2016/10/20 13:30,0.740330253
2016/10/20 13:45,0.726489542
2016/10/20 14:00,0.827823793
2016/10/20 14:15,0.855465844
2016/10/20 14:30,1.048878323
2016/10/20 14:45,0.996740517
2016/10/20 15:00,0.991042766
2016/10/20 15:15,1.03872444
2016/10/20 15:30,1.009355652
2016/10/20 15:45,0.967603799
2016/10/20 16:00,1.036419654
2016/10/20 16:15,1.05906687
2016/10/20 16:30,1.093533783
2016/10/20 16:45,1.15112924
2016/10/20 17:00,1.145566445
2016/10/20 17:15,1.226543154
2016/10/20 17:30,1.328671322
2016/10/20 17:45,1.59951961
2016/10/20 18:00,1.79971316
2016/10/20 18:15,2.020854892
2016/10/20 18:30,2.200994421
2016/10/20 18:45,2.055053203
2016/10/20 19:00,1.697541176
2016/10/20 19:15,1.420721795
2016/10/20 19:30,1.22366562
2016/10/20 19:45,1.035296933
2016/10/20 20:00,0.916361481
2016/10/20 20:15,0.827404514
2016/10/20 20:30,0.776565061
2016/10/20 20:45,0.7637249
2016/10/20 21:00,0.763230972
2016/10/20 21:15,0.753094464
2016/10/20 21:30,0.776748525
2016/10/20 21:45,0.772796864
2016/10/20 22:00,0.651569976
2016/10/20 22:15,0.727844961
2016/10/20 22:30,0.613736486
2016/10/20 22:45,0.533030845
2016/10/20 23:00,0.544980307
2016/10/20 23:15,0.456923868
2016/10/20 23:30,0.48260651
2016/10/20 23:45,0.456585391
2016/10/21 0:00,0.862585657
2016/10/21 0:15,0.614714403
2016/10/21 0:30,0.524026512
2016/10/21 0:45,0.304787591
2016/10/21 1:00,0.291187279
2016/10/21 1:15,0.48032585
2016/10/21 1:30,0.328194075
2016/10/21 1:45,0.308272058
2016/10/21 2:00,0.433237981
2016/10/21 2:15,0.556490059
2016/10/21 2:30,0.290185434
2016/10/21 2:45,0.35648589
2016/10/21 3:00,0.318535084
2016/10/21 3:15,0.564332278
2016/10/21 3:30,0.398474298
2016/10/21 3:45,0.405542723
2016/10/21 4:00,0.771545838
2016/10/21 4:15,0.531051374
2016/10/21 4:30,0.631471705
2016/10/21 4:45,0.627078551
2016/10/21 5:00,0.497360673
2016/10/21 5:15,0.402089196
2016/10/21 5:30,0.369226387
2016/10/21 5:45,0.388226028
2016/10/21 6:00,0.554258796
2016/10/21 6:15,0.822879727
2016/10/21 6:30,0.663760352
2016/10/21 6:45,0.432090537
2016/10/21 7:00,0.612606934
2016/10/21 7:15,0.909391099
2016/10/21 7:30,1.166487873
2016/10/21 7:45,1.535773739
2016/10/21 8:00,1.80138852
2016/10/21 8:15,1.626375803
2016/10/21 8:30,1.454569513
2016/10/21 8:45,1.237410852
2016/10/21 9:00,1.115270364
2016/10/21 9:15,1.051054709
2016/10/21 9:30,0.977130576
2016/10/21 9:45,0.933325483
2016/10/21 10:00,0.977247266
2016/10/21 10:15,1.014442808
2016/10/21 10:30,1.078932411
2016/10/21 10:45,1.105400057
2016/10/21 11:00,1.070253976
2016/10/21 11:15,1.028490724
2016/10/21 11:30,1.140862927
2016/10/21 11:45,1.313741724
2016/10/21 12:00,1.324682604
2016/10/21 12:15,1.400940432
2016/10/21 12:30,1.304787509
2016/10/21 12:45,1.252471144
2016/10/21 13:00,1.108150037
2016/10/21 13:15,1.048812436
2016/10/21 13:30,1.003719093
2016/10/21 13:45,1.058008963
2016/10/21 14:00,1.08124849
2016/10/21 14:15,1.102777208
2016/10/21 14:30,1.171656243
2016/10/21 14:45,1.158487854
2016/10/21 15:00,1.201482995
2016/10/21 15:15,1.261775336
2016/10/21 15:30,1.253426026
2016/10/21 15:45,1.313491538
2016/10/21 16:00,1.248956334
2016/10/21 16:15,1.426154738
2016/10/21 16:30,1.349501233
2016/10/21 16:45,1.401127012
2016/10/21 17:00,1.397402358
2016/10/21 17:15,1.51178568
2016/10/21 17:30,1.615617086
2016/10/21 17:45,1.889439599
2016/10/21 18:00,2.207188183
2016/10/21 18:15,2.479818512
2016/10/21 18:30,2.600199307
2016/10/21 18:45,2.521616547
2016/10/21 19:00,2.3242232
2016/10/21 19:15,1.956200112
2016/10/21 19:30,1.637366524
2016/10/21 19:45,1.275618054
2016/10/21 20:00,1.151528938
2016/10/21 20:15,1.070459649
2016/10/21 20:30,0.920582491
2016/10/21 20:45,0.880877072
2016/10/21 21:00,0.817112816
2016/10/21 21:15,0.826406493
2016/10/21 21:30,0.728436494
2016/10/21 21:45,0.732549284
2016/10/21 22:00,0.707931312
2016/10/21 22:15,0.695244485
2016/10/21 22:30,0.681268723
2016/10/21 22:45,0.589077295
2016/10/21 23:00,0.538673196
2016/10/21 23:15,0.523320925
2016/10/21 23:30,0.491885842
2016/10/21 23:45,0.425407933
2016/10/24 0:00,0.45374422
2016/10/24 0:15,0.431179908
2016/10/24 0:30,0.336439963
2016/10/24 0:45,0.252309941
2016/10/24 1:00,0.32084619
2016/10/24 1:15,0.384639632
2016/10/24 1:30,0.321657198
2016/10/24 1:45,0.471867601
2016/10/24 2:00,0.312984472
2016/10/24 2:15,0.330760259
2016/10/24 2:30,0.390815171
2016/10/24 2:45,0.353616875
2016/10/24 3:00,0.387390339
2016/10/24 3:15,0.29405165
2016/10/24 3:30,0.403256901
2016/10/24 3:45,0.379824699
2016/10/24 4:00,0.306195132
2016/10/24 4:15,0.273886258
2016/10/24 4:30,0.273283112
2016/10/24 4:45,0.519225976
2016/10/24 5:00,0.350943282
2016/10/24 5:15,0.324306043
2016/10/24 5:30,0.403424397
2016/10/24 5:45,0.420559506
2016/10/24 6:00,0.399480712
2016/10/24 6:15,0.346722865
2016/10/24 6:30,0.421152565
2016/10/24 6:45,0.816172756
2016/10/24 7:00,0.806227008
2016/10/24 7:15,0.99188127
2016/10/24 7:30,1.32329048
2016/10/24 7:45,1.922722278
2016/10/24 8:00,2.265298017
2016/10/24 8:15,2.173901253
2016/10/24 8:30,1.986306389
2016/10/24 8:45,1.65107205
2016/10/24 9:00,1.337591459
2016/10/24 9:15,1.184305387
2016/10/24 9:30,1.12513218
2016/10/24 9:45,1.14862003
2016/10/24 10:00,1.165477839
2016/10/24 10:15,1.319952754
2016/10/24 10:30,1.308836789
2016/10/24 10:45,1.305433685
2016/10/24 11:00,1.371319872
2016/10/24 11:15,1.338104062
2016/10/24 11:30,1.329052218
2016/10/24 11:45,1.397595164
2016/10/24 12:00,1.470933443
2016/10/24 12:15,1.500735383
2016/10/24 12:30,1.261497874
2016/10/24 12:45,1.094089498
2016/10/24 13:00,0.975230783
2016/10/24 13:15,0.93210546
2016/10/24 13:30,0.955978665
2016/10/24 13:45,1.051629475
2016/10/24 14:00,1.15005786
2016/10/24 14:15,1.10557295
2016/10/24 14:30,1.096698089
2016/10/24 14:45,1.144538916
2016/10/24 15:00,1.156896882
2016/10/24 15:15,1.24165647
2016/10/24 15:30,1.14355084
2016/10/24 15:45,1.168124816
2016/10/24 16:00,1.136275212
2016/10/24 16:15,1.213597456
2016/10/24 16:30,1.213737272
2016/10/24 16:45,1.295452447
2016/10/24 17:00,1.275678034
2016/10/24 17:15,1.518817005
2016/10/24 17:30,1.619667931
2016/10/24 17:45,1.867951618
2016/10/24 18:00,2.134071198
2016/10/24 18:15,2.293403912
2016/10/24 18:30,2.608304337
2016/10/24 18:45,2.320445479
2016/10/24 19:00,2.05234158
2016/10/24 19:15,1.611222387
2016/10/24 19:30,1.31072854
2016/10/24 19:45,1.119914966
2016/10/24 20:00,0.961865888
2016/10/24 20:15,0.84955677
2016/10/24 20:30,0.769343165
2016/10/24 20:45,0.681972283
2016/10/24 21:00,0.707192398
2016/10/24 21:15,0.656607485
2016/10/24 21:30,0.69396206
2016/10/24 21:45,0.635972852
2016/10/24 22:00,0.583971
2016/10/24 22:15,0.832152349
2016/10/24 22:30,0.55368611
2016/10/24 22:45,0.516992186
2016/10/24 23:00,0.560780878
2016/10/24 23:15,0.437290898
2016/10/24 23:30,0.472494291
2016/10/24 23:45,0.401090853
2016/10/25 0:00,0.44097427
2016/10/25 0:15,0.264561716
2016/10/25 0:30,0.298855972
2016/10/25 0:45,0.340190668
2016/10/25 1:00,0.301538594
2016/10/25 1:15,0.480419421
2016/10/25 1:30,0.480506651
2016/10/25 1:45,0.415181671
2016/10/25 2:00,0.352706834
2016/10/25 2:15,0.272132886
2016/10/25 2:30,0.674083564
2016/10/25 2:45,0.39713041
2016/10/25 3:00,0.46705555
2016/10/25 3:15,0.447707996
2016/10/25 3:30,0.507687448
2016/10/25 3:45,0.377602941
2016/10/25 4:00,0.285414371
2016/10/25 4:15,0.347015786
2016/10/25 4:30,0.599249745
2016/10/25 4:45,0.35140191
2016/10/25 5:00,0.316852885
2016/10/25 5:15,0.467771762
2016/10/25 5:30,0.518658741
2016/10/25 5:45,0.681325387
2016/10/25 6:00,0.516730638
2016/10/25 6:15,0.948613814
2016/10/25 6:30,0.833982686
2016/10/25 6:45,0.674368977
2016/10/25 7:00,0.648149916
2016/10/25 7:15,0.920242358
2016/10/25 7:30,1.154638145
2016/10/25 7:45,1.549067368
2016/10/25 8:00,1.912720283
2016/10/25 8:15,1.679376334
2016/10/25 8:30,1.4781008
2016/10/25 8:45,1.255889735
2016/10/25 9:00,1.045612381
2016/10/25 9:15,0.969023242
2016/10/25 9:30,0.979716443
2016/10/25 9:45,1.051388149
2016/10/25 10:00,1.048447859
2016/10/25 10:15,1.104372455
2016/10/25 10:30,1.207753515
2016/10/25 10:45,1.203481874
2016/10/25 11:00,1.168258586
2016/10/25 11:15,1.078489503
2016/10/25 11:30,1.110311899
2016/10/25 11:45,1.145256135
2016/10/25 12:00,1.112224688
2016/10/25 12:15,1.081764319
2016/10/25 12:30,0.917696033
2016/10/25 12:45,0.82602243
2016/10/25 13:00,0.799612768
2016/10/25 13:15,0.786124893
2016/10/25 13:30,0.833719931
2016/10/25 13:45,0.958380247
2016/10/25 14:00,1.122277839
2016/10/25 14:15,1.220509616
2016/10/25 14:30,1.259366484
2016/10/25 14:45,1.323829045
2016/10/25 15:00,1.432483838
2016/10/25 15:15,1.42419698
2016/10/25 15:30,1.498325336
2016/10/25 15:45,1.550239785
2016/10/25 16:00,1.602039736
2016/10/25 16:15,1.582594449
2016/10/25 16:30,1.739387155
2016/10/25 16:45,1.796307098
2016/10/25 17:00,1.92517916
2016/10/25 17:15,1.987292758
2016/10/25 17:30,2.204073279
2016/10/25 17:45,2.462747455
2016/10/25 18:00,2.940202813
2016/10/25 18:15,3.233602347
2016/10/25 18:30,3.330603108
2016/10/25 18:45,3.091224537
2016/10/25 19:00,2.570213872
2016/10/25 19:15,2.069091405
2016/10/25 19:30,1.673378326
2016/10/25 19:45,1.430447953
2016/10/25 20:00,1.192931672
2016/10/25 20:15,0.976758103
2016/10/25 20:30,0.883749316
2016/10/25 20:45,0.912136264
2016/10/25 21:00,0.838066006
2016/10/25 21:15,0.753473697
2016/10/25 21:30,0.697966983
2016/10/25 21:45,0.724738971
2016/10/25 22:00,0.652741771
2016/10/25 22:15,0.626152083
2016/10/25 22:30,0.561219198
2016/10/25 22:45,0.530966912
2016/10/25 23:00,0.560128912
2016/10/25 23:15,0.433494951
2016/10/25 23:30,0.365519909
2016/10/25 23:45,0.41141968
2016/10/26 0:00,0.452960997
2016/10/26 0:15,0.467411455
2016/10/26 0:30,0.504617216
2016/10/26 0:45,0.395550655
2016/10/26 1:00,0.445059793
2016/10/26 1:15,0.347126303
2016/10/26 1:30,0.38880308
2016/10/26 1:45,0.609874295
2016/10/26 2:00,0.419055922
2016/10/26 2:15,0.614011778
2016/10/26 2:30,0.327557264
2016/10/26 2:45,0.49716239
2016/10/26 3:00,0.800466704
2016/10/26 3:15,0.409099179
2016/10/26 3:30,0.464624633
2016/10/26 3:45,0.471645847
2016/10/26 4:00,0.437467799
2016/10/26 4:15,0.392873457
2016/10/26 4:30,0.300562404
2016/10/26 4:45,0.347838297
2016/10/26 5:00,0.377031252
2016/10/26 5:15,0.402451492
2016/10/26 5:30,0.871654616
2016/10/26 5:45,0.747069651
2016/10/26 6:00,0.597798744
2016/10/26 6:15,0.576562919
2016/10/26 6:30,0.361216114
2016/10/26 6:45,0.441104611
2016/10/26 7:00,0.629191667
2016/10/26 7:15,0.855849861
2016/10/26 7:30,1.170708407
2016/10/26 7:45,1.533802018
2016/10/26 8:00,1.707787143
2016/10/26 8:15,1.537457266
2016/10/26 8:30,1.363514978
2016/10/26 8:45,1.116143698
2016/10/26 9:00,1.013189217
2016/10/26 9:15,1.014612385
2016/10/26 9:30,0.901882803
2016/10/26 9:45,0.99567571
2016/10/26 10:00,1.051036906
2016/10/26 10:15,1.080900722
2016/10/26 10:30,1.080766946
2016/10/26 10:45,1.169745928
2016/10/26 11:00,1.191827684
2016/10/26 11:15,1.202129297
2016/10/26 11:30,1.081274777
2016/10/26 11:45,1.130058236
2016/10/26 12:00,1.219698447
2016/10/26 12:15,1.173811463
2016/10/26 12:30,0.986437993
2016/10/26 12:45,0.889627058
2016/10/26 13:00,0.791353945
2016/10/26 13:15,0.83988688
2016/10/26 13:30,0.853911288
2016/10/26 13:45,0.898762322
2016/10/26 14:00,0.931906265
2016/10/26 14:15,1.010381676
2016/10/26 14:30,1.18139286
2016/10/26 14:45,1.251674996
2016/10/26 15:00,1.180564943
2016/10/26 15:15,1.171308791
2016/10/26 15:30,1.173048931
2016/10/26 15:45,1.197108587
2016/10/26 16:00,1.231090677
2016/10/26 16:15,1.342817699
2016/10/26 16:30,1.383130856
2016/10/26 16:45,1.558042825
2016/10/26 17:00,1.734223471
2016/10/26 17:15,1.98757504
2016/10/26 17:30,2.256584494
2016/10/26 17:45,2.749467407
2016/10/26 18:00,3.414437984
2016/10/26 18:15,3.890033222
2016/10/26 18:30,3.938023574
2016/10/26 18:45,3.829997211
2016/10/26 19:00,3.886657106
2016/10/26 19:15,3.150363955
2016/10/26 19:30,2.63015377
2016/10/26 19:45,1.994912467
2016/10/26 20:00,1.565295258
2016/10/26 20:15,1.339882461
2016/10/26 20:30,1.126567503
2016/10/26 20:45,1.152356187
2016/10/26 21:00,0.946265508
2016/10/26 21:15,0.804182518
2016/10/26 21:30,0.754787235
2016/10/26 21:45,0.64834189
2016/10/26 22:00,0.647700399
2016/10/26 22:15,0.574269497
2016/10/26 22:30,0.571810933
2016/10/26 22:45,0.484657611
2016/10/26 23:00,0.480053032
2016/10/26 23:15,0.468730195
2016/10/26 23:30,0.561289192
2016/10/26 23:45,0.604870405
2016/10/27 0:00,0.543529127
2016/10/27 0:15,0.429592586
2016/10/27 0:30,0.335902318
2016/10/27 0:45,0.368890185
2016/10/27 1:00,0.448928371
2016/10/27 1:15,0.310330915
2016/10/27 1:30,0.303311783
2016/10/27 1:45,0.658873184
2016/10/27 2:00,0.393289425
2016/10/27 2:15,0.405482509
2016/10/27 2:30,0.475080807
2016/10/27 2:45,0.370261468
2016/10/27 3:00,0.464873347
2016/10/27 3:15,0.436359828
2016/10/27 3:30,0.270385605
2016/10/27 3:45,0.344011134
2016/10/27 4:00,0.615181134
2016/10/27 4:15,0.386993761
2016/10/27 4:30,0.315224949
2016/10/27 4:45,0.447652394
2016/10/27 5:00,0.458170246
2016/10/27 5:15,0.539989031
2016/10/27 5:30,0.405253678
2016/10/27 5:45,0.596016684
2016/10/27 6:00,0.441237525
2016/10/27 6:15,0.494093221
2016/10/27 6:30,0.913994628
2016/10/27 6:45,0.52822597
2016/10/27 7:00,0.517524662
2016/10/27 7:15,0.82106193
2016/10/27 7:30,1.358000622
2016/10/27 7:45,1.594380172
2016/10/27 8:00,1.885636948
2016/10/27 8:15,1.823197437
2016/10/27 8:30,1.47479596
2016/10/27 8:45,1.23773025
2016/10/27 9:00,1.047451747
2016/10/27 9:15,0.995401291
2016/10/27 9:30,0.989204348
2016/10/27 9:45,1.046497227
2016/10/27 10:00,1.188246791
2016/10/27 10:15,1.254644363
2016/10/27 10:30,1.151407488
2016/10/27 10:45,1.211003132
2016/10/27 11:00,1.09513765
2016/10/27 11:15,1.215109481
2016/10/27 11:30,1.229092995
2016/10/27 11:45,1.226003731
2016/10/27 12:00,1.272028662
2016/10/27 12:15,1.261871
2016/10/27 12:30,1.054266454
2016/10/27 12:45,0.873396543
2016/10/27 13:00,0.8226141
2016/10/27 13:15,0.875387036
2016/10/27 13:30,0.8727853
2016/10/27 13:45,0.97832296
2016/10/27 14:00,1.152001486
2016/10/27 14:15,1.245591
2016/10/27 14:30,1.375202941
2016/10/27 14:45,1.475117809
2016/10/27 15:00,1.5310338
2016/10/27 15:15,1.495568526
2016/10/27 15:30,1.421001058
2016/10/27 15:45,1.517453153
2016/10/27 16:00,1.610526741
2016/10/27 16:15,1.789721612
2016/10/27 16:30,1.807998735
2016/10/27 16:45,1.647576664
2016/10/27 17:00,1.686578325
2016/10/27 17:15,1.868826039
2016/10/27 17:30,2.379696309
2016/10/27 17:45,2.654557942
2016/10/27 18:00,2.718574597
2016/10/27 18:15,2.859435425
2016/10/27 18:30,2.926784391
2016/10/27 18:45,2.745146479
2016/10/27 19:00,2.445582868
2016/10/27 19:15,2.081982673
2016/10/27 19:30,1.767347911
2016/10/27 19:45,1.472082866
2016/10/27 20:00,1.090703883
2016/10/27 20:15,0.990615164
2016/10/27 20:30,0.918832837
2016/10/27 20:45,0.815938318
2016/10/27 21:00,0.756205696
2016/10/27 21:15,0.737443183
2016/10/27 21:30,0.691268677
2016/10/27 21:45,0.702148843
2016/10/27 22:00,0.655731654
2016/10/27 22:15,0.581046421
2016/10/27 22:30,0.573750935
2016/10/27 22:45,0.538773177
2016/10/27 23:00,0.475517302
2016/10/27 23:15,0.498765744
2016/10/27 23:30,0.41076612
2016/10/27 23:45,0.677922363
2016/10/28 0:00,0.416503485
2016/10/28 0:15,0.364901877
2016/10/28 0:30,0.45859938
2016/10/28 0:45,0.310371204
2016/10/28 1:00,0.386311152
2016/10/28 1:15,0.315579338
2016/10/28 1:30,0.394701704
2016/10/28 1:45,0.599601885
2016/10/28 2:00,0.36744425
2016/10/28 2:15,0.281340485
2016/10/28 2:30,0.313123324
2016/10/28 2:45,0.313796706
2016/10/28 3:00,0.395758965
2016/10/28 3:15,0.602088246
2016/10/28 3:30,0.490405116
2016/10/28 3:45,0.37119578
2016/10/28 4:00,0.338791964
2016/10/28 4:15,0.390654847
2016/10/28 4:30,0.352237634
2016/10/28 4:45,0.318862274
2016/10/28 5:00,0.321693415
2016/10/28 5:15,0.377591943
2016/10/28 5:30,1.527595959
2016/10/28 5:45,0.336878366
2016/10/28 6:00,0.51829738
2016/10/28 6:15,0.61530281
2016/10/28 6:30,0.511110382
2016/10/28 6:45,1.293389884
2016/10/28 7:00,0.588432724
2016/10/28 7:15,0.895116182
2016/10/28 7:30,1.1647144
2016/10/28 7:45,1.633285809
2016/10/28 8:00,1.712746004
2016/10/28 8:15,1.532031334
2016/10/28 8:30,1.300730674
2016/10/28 8:45,1.121487872
2016/10/28 9:00,1.077585009
2016/10/28 9:15,0.861244357
2016/10/28 9:30,0.880100951
2016/10/28 9:45,0.901504668
2016/10/28 10:00,0.947885862
2016/10/28 10:15,1.013359993
2016/10/28 10:30,1.214278722
2016/10/28 10:45,1.221558339
2016/10/28 11:00,1.158848234
2016/10/28 11:15,1.185387894
2016/10/28 11:30,1.263936842
2016/10/28 11:45,1.391648664
2016/10/28 12:00,1.26634447
2016/10/28 12:15,1.182900229
2016/10/28 12:30,1.052607717
2016/10/28 12:45,0.977908222
2016/10/28 13:00,0.912857707
2016/10/28 13:15,0.88110428
2016/10/28 13:30,0.904154705
2016/10/28 13:45,1.023528432
2016/10/28 14:00,1.119072066
2016/10/28 14:15,1.241673626
2016/10/28 14:30,1.365481357
2016/10/28 14:45,1.362861554
2016/10/28 15:00,1.467986531
2016/10/28 15:15,1.506407619
2016/10/28 15:30,1.548617252
2016/10/28 15:45,1.654249324
2016/10/28 16:00,1.701586497
2016/10/28 16:15,1.795812503
2016/10/28 16:30,1.765309032
2016/10/28 16:45,1.827173815
2016/10/28 17:00,1.911579514
2016/10/28 17:15,2.145888118
2016/10/28 17:30,2.519824769
2016/10/28 17:45,2.66285306
2016/10/28 18:00,3.129764292
2016/10/28 18:15,3.689188793
2016/10/28 18:30,3.417683383
2016/10/28 18:45,3.028416969
2016/10/28 19:00,2.651693433
2016/10/28 19:15,2.243474968
2016/10/28 19:30,1.899500289
2016/10/28 19:45,1.577306847
2016/10/28 20:00,1.399278726
2016/10/28 20:15,1.264605427
2016/10/28 20:30,1.118764725
2016/10/28 20:45,1.061878213
2016/10/28 21:00,1.082611384
2016/10/28 21:15,0.978794317
2016/10/28 21:30,1.017232861
2016/10/28 21:45,1.01889936
2016/10/28 22:00,0.872349954
2016/10/28 22:15,0.825842494
2016/10/28 22:30,0.762096557
2016/10/28 22:45,0.690097092
2016/10/28 23:00,0.644479515
2016/10/28 23:15,0.574308087
2016/10/28 23:30,0.510266754
2016/10/28 23:45,0.486549089
2016/10/31 0:00,0.48298707
2016/10/31 0:15,0.473289587
2016/10/31 0:30,0.324154291
2016/10/31 0:45,0.37687131
2016/10/31 1:00,0.289859586
2016/10/31 1:15,0.296034765
2016/10/31 1:30,0.40001217
2016/10/31 1:45,0.445259812
2016/10/31 2:00,0.624321134
2016/10/31 2:15,0.987413051
2016/10/31 2:30,0.521825327
2016/10/31 2:45,0.41472059
2016/10/31 3:00,0.559388382
2016/10/31 3:15,0.526474508
2016/10/31 3:30,0.859727063
2016/10/31 3:45,0.757071914
2016/10/31 4:00,0.766617821
2016/10/31 4:15,0.458486233
2016/10/31 4:30,0.5361976
2016/10/31 4:45,0.314138875
2016/10/31 5:00,0.600878594
2016/10/31 5:15,0.30421067
2016/10/31 5:30,0.321932414
2016/10/31 5:45,0.408315039
2016/10/31 6:00,0.397308894
2016/10/31 6:15,0.465588002
2016/10/31 6:30,0.360584526
2016/10/31 6:45,0.564153356
2016/10/31 7:00,0.530208907
2016/10/31 7:15,0.928631913
2016/10/31 7:30,1.355692931
2016/10/31 7:45,1.842074359
2016/10/31 8:00,1.921392142
2016/10/31 8:15,1.838123661
2016/10/31 8:30,1.477257813
2016/10/31 8:45,1.285491007
2016/10/31 9:00,1.128410669
2016/10/31 9:15,0.976798589
2016/10/31 9:30,0.967719917
2016/10/31 9:45,0.9557655
2016/10/31 10:00,0.938260428
2016/10/31 10:15,0.985107324
2016/10/31 10:30,0.977588343
2016/10/31 10:45,0.992125338
2016/10/31 11:00,0.990107512
2016/10/31 11:15,1.059951023
2016/10/31 11:30,1.001742905
2016/10/31 11:45,0.91801786
2016/10/31 12:00,0.932834344
2016/10/31 12:15,0.914348192
2016/10/31 12:30,0.810516751
2016/10/31 12:45,0.717362767
2016/10/31 13:00,0.764446616
2016/10/31 13:15,0.725563325
2016/10/31 13:30,0.739733062
2016/10/31 13:45,0.770811644
2016/10/31 14:00,0.883867105
2016/10/31 14:15,0.978285147
2016/10/31 14:30,1.028608084
2016/10/31 14:45,1.019568469
2016/10/31 15:00,1.102558123
2016/10/31 15:15,1.151802959
2016/10/31 15:30,1.152596129
2016/10/31 15:45,1.099117241
2016/10/31 16:00,1.11853414
2016/10/31 16:15,1.106277967
2016/10/31 16:30,1.127027006
2016/10/31 16:45,1.17904853
2016/10/31 17:00,1.272279366
2016/10/31 17:15,1.307372984
2016/10/31 17:30,1.403425433
2016/10/31 17:45,1.574233854
2016/10/31 18:00,1.89525792
2016/10/31 18:15,2.095102756
2016/10/31 18:30,2.266470407
2016/10/31 18:45,1.963824578
2016/10/31 19:00,1.747781743
2016/10/31 19:15,1.456462669
2016/10/31 19:30,1.284562653
2016/10/31 19:45,1.137478391
2016/10/31 20:00,1.079286213
2016/10/31 20:15,0.91520016
2016/10/31 20:30,0.78360591
2016/10/31 20:45,0.706906203
2016/10/31 21:00,0.726210153
2016/10/31 21:15,0.723052549
2016/10/31 21:30,0.687857843
2016/10/31 21:45,0.65671178
2016/10/31 22:00,0.606370776
2016/10/31 22:15,0.620427722
2016/10/31 22:30,0.548247646
2016/10/31 22:45,0.550752416
2016/10/31 23:00,0.469520801
2016/10/31 23:15,0.446850542
2016/10/31 23:30,0.418218481
2016/10/31 23:45,0.460766661
